resolved_url,content
https://news.google.com/read/CBMiggFBVV95cUxNQlVZZmdzSDdHRUZwWEpoRVpmZTJ6b2k4YW1qQTVIM3FSNHYtVWRXdU5sTHlmRXcxZXYyTTYzejJ3VXhiVVJXUnFHOE45MGxKY3RzcGkxaGdCN0FqcFJFeDIxR0xmTVZyTGdtVmpGMzY3NGkyeFhNMGR4clBCZmJrMEZ3?hl=en-GB&gl=GB&ceid=GB%3Aen,
https://news.google.com/read/CBMi3AFBVV95cUxQaU9lVHdDVV9CY2dIeURPWjhmVlVuNTlvWXFoeGVyNHJOQkl6RGN4RkhyNUtrMjJhRURxV1VjNldxN3dWa3RxeUViZTdPTk9jWkZRTXRVQjg5ZllSZEdaQ2JkWHZId0tEWWEtTF9SakkzS2pSUVdjN0FfVFlNOWRpYmI1QnpTMkNWUWZEQm80SmhkUGhlZXQ4ckZQQkpZOEMtR1Bjc0ZLWm5SdS1tLWRuQXRQaGpDaVpCQmtFUnRzV2E1SzI4cGZWNEwyNkY4am9GRjUtSW0yTjBFSWNX0gHiAUFVX3lxTE5ZNVNSbzVYaEh6OUZXakkyRHRqNDRFa0pGV0pFSFFtUE1JbVpiUzUwWF9MeGNweGxNcTFLT0p1YkJZZmF0YmRVUERFY3cwXzlUeER0Qzk2cUR1TndlYmNGVzBVZ0NsUU9haTZUcUllVXdSeGpBak1ONzBEeWdOM1UwTWtrcXY0VW9sRlNPQWZmMjdvZVJmcnE3TDBidkZXNmlEdFNhSGtpdUJTOWFiMnBtVVItNGF1ZnpGSnk4a3k2UFJaY1dFS1c0LVFIV0FUM3pvVXd1LS1XcGVxRS04bW9RR2c?hl=en-GB&gl=GB&ceid=GB%3Aen,
https://news.google.com/read/CBMie0FVX3lxTFBQcTRsNzhVU0UtRjlDN0VfaUVXQzBRTk9TN2lRekdQbWsxOVNNcHctandQQ2pjLVU1cDg2bHdWdVlXbGNkUU5HREdBOFljdzF3elB2TUZZcmFRbXdTTjVyMEd2c0oyLW5iOXh4RTIwRG9TYWdYVG0yS0tIVQ?hl=en-GB&gl=GB&ceid=GB%3Aen,
https://news.google.com/read/CBMimgFBVV95cUxPZGY0cDJsODJZQWg2MDh1U1NlYWtfNkc1Z3BjYUFnWFNFTDBHZ0tJTGpXWW5kUGt1cHRTam1ybEpCaENfLW5GNUhsTDM3U0ZvTXpxNzFqTlhYa0h1M09Ba0hmMzJEQmc3Ml9kV3AzdnNMMjlIUUdjWWI4Nnk5UHR5aF8xLWdqUW9hMGM4dUVBZl9YNzJDV2U2bVdn?hl=en-GB&gl=GB&ceid=GB%3Aen,
https://news.google.com/read/CBMijwFBVV95cUxOWDBOUTJ3ZmJZVy1KY1BpaVpNbFRqV29rZXMycld6aWZQd0VONXRzV0pVVWtRaG55SDA5dDA0dWpuaDhaWnNZaUpQU0VYZ3ZFaENwdnNlNTZLcXNzekxBQ2cxOXhHMlNOV2NGc1lMLVBJUmlWQ3dyZGg0Nk0xbmdmZ2pHb1UtYTg2ZzNhbXJkcw?hl=en-GB&gl=GB&ceid=GB%3Aen,
https://news.google.com/read/CBMiywFBVV95cUxPbFl0WXdQRkNQQk94Uk1TcXRod2hhcE4wOVE0Y1d5SDA4WEdJejdGYV82U3dBODBXc1p6bm8tb0x4bHFCWGVDU3UtMUxVZTNVZzJ0b3gxbFh6UXRtaWRKRXozeDdzUFlPRjV4YmZXNWR0U0hWb1FwbnlBb0xuY2puTWpoSFQwb3RQN2ZQVnZnalhmNnFqNW1VNnRUbGFWRXEyQm1FREdEdDRpRi04R2VSNHBadllUVUxJZjZEOU9DTXBwV0Z1LXFYWVBOUQ?hl=en-GB&gl=GB&ceid=GB%3Aen,
https://news.google.com/read/CBMisAFBVV95cUxPRXo2WW1JWXB5dHcyUVhjbkZoVUkzREFackd1OVNXNEJWQ3dyNlNkdzZyT2ZGbXRtaktUNW40QXNtRkFjWDdtYXJNb3paeDFJZmgyWWZVb1lCVlhWWTFqRVJuQ28tUGx0aFFVRGFuemoySTNsa0h5WVpfd29DQkMxcndRcGFqMHQxclQyd1RydGdtRndhMGEtX1VXLVNUZC16UUx6S1VoUGxkZWhrWVJUYQ?hl=en-GB&gl=GB&ceid=GB%3Aen,
https://news.google.com/read/CBMi3AFBVV95cUxON2F2aFA5N3UtVmo3cXF6VVhMQnlUeHJobGw1eEpHNHlPcE1IaFUzNVE2U01BcUsyWU5mUm9ZR2VtXzlGV2dDR0NlY2RXSXF6WU9SZENxV2UxVjBwbFpidk9WQkVWazdlTUVVUFZzbDB0Q1kxS3JKVUJkcmtLRmx2MmFWMVV4eDJSeDkwTVM3NWZTX29Hb0d3dEl0SG1PZTN3SVp4clNvLXYydTJadEJIX1pzcWNPT3pUb2lzdDZLX0pyQ1E0RjZ4QjlVTng4cS1Fa243cG9pVVQ1V2Fq?hl=en-GB&gl=GB&ceid=GB%3Aen,
https://news.google.com/read/CBMiiAFBVV95cUxQaWdUZHZIY1Y0UFVjWVNpalZ1bVFPbm11NHg0SlRlNWI1Uzhab01YTVRqeENlQnEwX3ZRN05BR1ZYV1Z0VmVuWlpkeGNiNjgzYWV3bzZMMlpoWktSM1FKNHRLY3JoT0Q5Y3lEYkoyTTlEaERQNU1ZMWZDTTRfZ0hMTXczWTdlVkRy?hl=en-GB&gl=GB&ceid=GB%3Aen,
https://news.google.com/read/CBMiuAFBVV95cUxQTE1fY3ZzZWZzN3REMldacW1RM1VxeS1YbTVfamRzT0VQRUlkT0V4NGhYXzdWUjYySzZXcF9yWWcwWWE3QnlWdmxzYjA1RmFKSHRBeVBhY2tKSG9CblIyaXRNY2VGa1o2bFZsQ0daRkQxZXRvYnZtdVNIZC1xY1o2UVZSM2UyVzZ3NGFOUUNBWTdqWGcxb2VZb3NBRzJyTHJiemMxa2VmZG5KdVB1QnpYdDViUk1MZkI0?hl=en-GB&gl=GB&ceid=GB%3Aen,
https://news.google.com/read/CBMicEFVX3lxTFA3X3JrNHltRnJyRzVBRDA1RTNCbDRQanZnbExuelVkREhfNnd6eDlCVFlyeVgwQTdVLU5yOUJRaUZDdFFnbVNzRkxIYi1xeGljaXk4MUFRc3ZlakRFWkt1dk96MmJidW9rdVdDdml5cUg?hl=en-GB&gl=GB&ceid=GB%3Aen,
https://news.google.com/read/CBMickFVX3lxTE1RU3dubXFmaVZ4RkxVQTFKTzJNejdjbzQ0TmhiRkIzWC14TG1NaDVBWXFHbWtyelA1MTFQRjY3ZVc1VVZURHM0dGVnamZjenJjbkhHWjBkQzdQMV9kTXFkS0V2cGdQM0pPRVNvU0JWRC1aUQ?hl=en-GB&gl=GB&ceid=GB%3Aen,
https://news.google.com/read/CBMiugFBVV95cUxQN0VjLTJaY29rdmNBV1JqeFJSakhEenRVWUkwcFJmSWg2ZGx1NXV4WG9zWG1GeG14MklDOFZ5U3lCZkt6aFktaGdNOWdCdXNwRG85X3FJRTB6dnFoRkh4OUR1Y2ptZ00wdFJ3TmNMMFJkZDdKQzVtcVM2bjh0aVhoeVdLT0owTDI4b0FMb1ZGLVBXUDY0R1NkdW9yQVhoUXVMd1B2eUNOTC1oN1dkdVQwZmktVHg4YUNVNGc?hl=en-GB&gl=GB&ceid=GB%3Aen,
https://news.google.com/read/CBMi3AFBVV95cUxOX1NCakpwaThoLWs5NnFpNkJ0dkdTTklLQzI2S3U2MENNcUgtanBZVGxsOW1oMzZwX0VUaVZxVWR4dWN3Tk4xMTgzMkpfdTdHdGxkNXFvZWloTTY4NldXb0hELUpsTEp1VjBYT3RoZU0zbHFwNFR6eWcxUV8taVMxV1h6clAtMEFFYmp2V01xLVMyaHR2dWZVZXFtZjdiVFFWNTIydVpMZ01TVXNXR05QS19xaHMxakJuTlFsa2tiUG5Td3lhY2tUWWJvNDQyUVZSdEhzV2FBQjZxelBJ0gHiAUFVX3lxTE9zVGk4alBBT1ktcEg3TjJaclNUODEtV1YwNGtBYkxaalNrYUZSVEFkb3ZxSlMxTHJCU3hiS1FHY3RjWVlQN0pqWTVmMm9HRGpRU1BPZlhjTGdodHFsd3JTcDBHampsYXRqQVd5NmN4V2VPUzQxZVhqQnpNczVtZGprZmtpalZtd0ZBSXhZdWMxdGFvRG5pajRmNkp6VkszQURUQ1NsMk9QN09qdDJUU1J0SkpLMzFtNjhkMUZyTnZxejJkV25lWTJUQnFUUXF3V1ZHUTZLcjJPOXdsUG9PenlXMUE?hl=en-GB&gl=GB&ceid=GB%3Aen,
https://news.google.com/read/CBMizAFBVV95cUxPbWpzb3p2aHlncVlKTzlDVDBUTm54dlcweVY0SkFHdGVwVXRDS2hHbHYwRi1FdUstWmxLVVl5bDBxSTBwV0N6bTFsZzNVM1d2Smt0YnJhU1V4c0N3bXJ1ME9UZWQtV01COHM4cXZpdDNwVENXa1BycVVuMC04dklOOVdzMk9SNGZzd2FVZWViOVhzbVZQNUFRNDRhRXFTaHN2QlNaV2xTTjhubEQxU0tsSzBjS3c3X3I1WW5pd3RWaV9KWWVPN0swVWxrdko?hl=en-GB&gl=GB&ceid=GB%3Aen,
https://news.google.com/read/CBMirAFBVV95cUxNOWtZMFB4NUdQMmlQa3dYMlZseTJSbzJhTm1QSDlMVXgwUzRXeXJIVTh0cWtKSVhSUW9aNEZXTDNXRGpaVzVxQjF0QUI2ekN5T2JzRXZTZVA5d0dVMVdXSGJieGd3TWJnRUJPV0kwcTFGSFhmaEtsSHktRzB3OFg0aVJyR3lka0trUzBpR0wtMTJUck9takdsaUtXQ3ZRcDVvdWZVSGFla0Y1Z2ds?hl=en-GB&gl=GB&ceid=GB%3Aen,
https://news.google.com/read/CBMizwFBVV95cUxOYlZMeVNjODV4d1VkbmhubmlSMVZXeEhYeDJBcnZhRnZfR29CUE9vMVhGYzVyNXIyYXdMUFIyZ1pWblBLTW5faG1kWXRibExIQi1CZTB3dmtvSEQwWGZQRi14N2E0cTJVUEhGeVAwajdKLW1MVlBtZGxZUGJUb1dlN1FSQVQxd25FYlNSX2dOZWMwMi1mc3duOE5KLUc3M1Z6VGloU09kemhwel80akFOOTVPZ3NLNDNuck12clpfU0xFRnZ2MjJSTUY3bml2Nkk?hl=en-GB&gl=GB&ceid=GB%3Aen,
https://news.google.com/read/CBMi0gFBVV95cUxPRkg5Wm4xS0lVdzI3Y2s5RGdnb3hENWV6a3JYQ1N0UVlkQmF0a3ZmTjctRGFMdjFvYVA2UXJzMW92b2JyeW0yT1h2UWRKendoeEhYelNxcTVfMlJFSEI0cEE0X1ZjZEItd0RSRXVhLUFzSFNyM2xfalAtNjZvSVI2dEd4bE1Ka1dud3VNMmw3Y1ByNWtaRmhvUnc1Q2dvSDdjT1k1TU9TV1NJTVQ5dlZzOF80SWQ4eXM4S1FrSnNILXY5SUJMNUppNEFGLWkxQWNvTVHSAdcBQVVfeXFMTzJnZ055ZXNlUXA4dGRIaWt6SlNRVEJsdnRXQ2ZSZHdrUTNQUmplcFNQVVJxTDc3STNJMy1nbEZsU0VDWVpMdHVRb2lBMjZ6TWZnV2o4S1UzbzlhNXJnNjYtY3FjUGRBeXByY3F2QnZSNGkzTG1yVURqSVpiTW5ST194SmRqYmhjSnZOZVpWNFR6RTk3MlF0cXhSdkF3SngyR0JQdjBiUEJZdVA4cERwSDAtbVU5a09meFpKbFBWOUtjeG5rb3JyWWRVaUE0Y3hkNUVacThZeDg?hl=en-GB&gl=GB&ceid=GB%3Aen,
https://news.google.com/read/CBMijAFBVV95cUxPc1l6SmVKbVlWbmc2bWJHTFhJbVpYWDJ6Ri1XSXRUWnBrUHdGTzY1UVJ3MGZtbXBTRFdyY2I5RFBWeUxZMzFpTkptSG9NSS1lODdrREVydlFSX0Nka3Q1bGhqQk9objdQVHdZVkpwcDBYakFpb3Ywd0RibkRvNno3dVRMSk1tM0tESnl4SA?hl=en-GB&gl=GB&ceid=GB%3Aen,
https://news.google.com/read/CBMigAFBVV95cUxNcWxsWld4ZU9tcDVHN0Q4MTdZSzJEVGNqMTZLdVpsVnotNWtKVmRkVFFFNkVzV2JFSXc4VmxYeENpNElUblYtR2kxQVlkVVdoNlE5Y1ZWcTVQZ3dadTh0cDdEYUhGMm1EQUtQWS11M2prNGFDVjJhdVpfM3RzeUhrVNIBhgFBVV95cUxQNE5EMVF4dEg0TFg3RGUwNTV1b0lxaDNNazdGMUxZYTFUVm82cTVxdTlKdzM0MDNDSlB6X1phZThQYmNvYVJ5WXYwZ0FpQmJZX2hab2tvT0x1cTNxSTFhQVRKTHlkSWF5TjNrVTY0Ri1GQWFZeHR6SmFWbHA3SUNuZjhLRlhMUQ?hl=en-GB&gl=GB&ceid=GB%3Aen,
https://news.google.com/read/CBMisAFBVV95cUxQclpDWWdqcDhqSGxWVERhTkVfZUlFRmQxX1V5cjMxa2xNakF4ZzYzVkVLWFZsUHpBa0ltT29UUHQzWnJ1ZHRXQUJJQTFqTWFtMng5eTBSeHpzbFduX1hweTMzQV81a1JBMFJrZVlwUGxZaHkyX1NSRFNXM1RKMnpqcWVsRDVudXVSbEFjclRhUFRlYzJzMS1WMFViOWc0b2R4M2I1a0dJaHJLNHVTMzAxQQ?hl=en-GB&gl=GB&ceid=GB%3Aen,
https://news.google.com/read/CBMixgFBVV95cUxQcV9mMjFxWXlsdnhwLVQzcjhYX194MFJDNDBOejFQU2xmcjdSOHZBbThrTFZTbHYtNHFpYmQtUlJsNWFma1lwWk1XTU5OdTlyWXhoLVdfSTlLQVNGMXB3WHpwSlNlVUJidFh3cEVVNHlFYW9FeTRqa0pCRjZORUFsNmpKZV85S3hpZ2FtbjJaY3ZNNjFGc01rMWFiR0JieXBBaEJKWVlqU3JqVDRucUZqXzVqWGZfb1lKWHRDaUdKUzhVaTZfQUHSAcsBQVVfeXFMT3EzeG95OTU0ei1PalFTaXBTcVJVSUhJM1laSmJIZHNWMXJtYUFkdTkwanZZdEpON0N6ODhVcjJKbkhuVnBUbWJidmgwVU1YMEFYOTI5R2NIblpubGVQUUQ3d3M0V2F3TjFmWDJjcEZST1ZOZjdCOGdWd1RSM0JLSVB6S0ZpUXdvcUFQaThfdkRXRmM3TzdEWFRhZXZybFpMT2RIb0I4X3hKcnJzcjhabmw2ZUswZ1VteFZoaW1VLVB5UGJYQkVCbGgyYXc?hl=en-GB&gl=GB&ceid=GB%3Aen,
https://news.google.com/read/CBMinAFBVV95cUxNdXZOZUEteENwQ2YxOGpLMnoybHNQemdENU85eGVBTTNPUFYwYmdycEVxQ3Q0YlVJWDA2bUJRSnJ4TmJOY2dnOE5QaHFpZlZ6d1N5UjlfUUVyMGdwTFlpZDJEWWRjUTNBdEZFRXVsVmVPcEN5N3p2YWJmenRGcnRDeDlYcXFNclVGeWc0bTJKVWxGTHctOF9qSEpwVVQ?hl=en-GB&gl=GB&ceid=GB%3Aen,
https://news.google.com/read/CBMikgFBVV95cUxNU2VGVDR6SHNiaFFZX1hUS2ZMNU11RGdSb0taR1Bzd3BRb0ZkaHhIamZ2U3pkLVJDX1U3eFl0cFpUa1JOT0RGNWU3N2N6SHZjSGJ3bU5uVEszSnExc2lXTE1xRk1kZGIzaURKZElWZ2w5Nk9PTnJ0X2wwTE5kdHA3eFpCazhXc1gzY3Mtc0J0WUhCdw?hl=en-GB&gl=GB&ceid=GB%3Aen,
https://news.google.com/read/CBMivwFBVV95cUxPb1JKdmcza2VKTW9OVkx1Rjl6Q1ZpX0RZMGFTN0xfTkN4SGlBMFpHRVB4ODVzNXl5Q1UzS2tTWHVWZXdiSkl3NnBReWJUSHFUU1FZLWgxN2NTVUJkUGtzNmhpNEZwSW1QZGZhcDhSNGFJZFIwUFJTVU1NdWw5NExYU2xGZThSYWdnZDZzcGZHUXM0QUhYSUdNY3ZBWTE4UjZ3X3pidFQ5RDhZVmJXM2V0WEZwb0FjcVpKV0hfYVozaw?hl=en-GB&gl=GB&ceid=GB%3Aen,
https://news.google.com/read/CBMiakFVX3lxTE02cjdUVzNKUVZ0N3poUWJTQTBqSTVFSjVvZTRPLUdOUjlZZ0hsUk5ZZmJlNWk4TUtQUGF1Yi1ZOUM1b3M1ZkZ6bTVPT3FYLVgtNG0wME5PbTN0NDItVmY1RHVUWWhkLURIdkE?hl=en-GB&gl=GB&ceid=GB%3Aen,
https://news.google.com/read/CBMi1wFBVV95cUxPeUcyRGxldXlBanVfdU9FWmZlR1VWeF9CQkhxb0lhSG84cXRxaFVGb0pyUHpZMWFKbVdYcDRmRVdHQkQ0VXc5UEttdjRld09wM3lEOGRwUGVLLWVPaUQ4WlBub0t3aHdROW9HT1ZFd3ljaWlNZ1hrVGdHQ2x3dE5tU3Jpd3lEa0VWWUU3V3MxMzV5U1YzSm5qYnB5QzJtMzhmVVVBdGxKWVNHeEdTNW8wZl9mbV9tQ2JKaWgyd21tQlQ1dXFwR2ROekJyQjZ1cFVrSHE4VlJPNNIB3AFBVV95cUxOTDEtM3phX1BNYVdQLXB3NEF2ajlPbWlIV3JOMkNJVWhOdVlWVi1wNUlubl9CRXpMOWU5YVpLVWNDbVh3Z1I4amxqQ3VDYTI3d2dWMmRMUUQ5YlFTRzZOcHdJX0dERVVibTViSWRNUHFWSG1HMTljQ1F1N0xqSHp2Uk9qcFZCQm0taUZUaVJYcUZZd09ZSmRUZnpoZ2VkbzFVbEZITW4xX1BOSW5nWjRCaVBZRHRGVGhqQ0V4V041WXVQTDlnblVqeGRvaDNYVnA0bXhhbGMtWnJQYldt?hl=en-GB&gl=GB&ceid=GB%3Aen,
https://news.google.com/read/CBMiogFBVV95cUxNUDZmeDk3NTQyclFCSXBLdVM0NlJmN3N0bDBzZlF5QWk1cWJnRWdYcGxiQjF5VUhKZ05ORmc4dWEtOHkwR011NkVKUjk3OGtjOHAtb3IwaE83dWIwZkFnYW5XVDVTejROcVMwYXdSdkdTUC1RNHpvVlNfZG9rM3lIS2tKeUZoU1BfMFoxajB4eVZSdWJ4blJMcDJISGx6czhzbmc?hl=en-GB&gl=GB&ceid=GB%3Aen,
https://news.google.com/read/CBMiqwFBVV95cUxNV25HUjdkREZhYnhMVHk2NlhfTXpmU3BDcEdEcXJoSHR1ZXNpeVFSdUx5c1Fjd3JoZk90Vno4V0ZvdDNZU1hZel9ib3hEbU4yaGxrVHgwSy12UmJ2UjBmcDVWN1h2d2xEU09kTllBMHhVSE1Mem80VUtESmpzVFJKUFlaSEpkZFY4ODh5UWhsN1dtSm51UkJra2FNNUt3NUcwck9yZ2RnSThYLXc?hl=en-GB&gl=GB&ceid=GB%3Aen,
https://news.google.com/read/CBMingFBVV95cUxNNnFldGtqRmEyZklyQXFtaVhtTDkyRjJrZnNqYXBLdEZrSW9PQ0lhSkNxUWtrNHNtbGpXM3kybS1sVXRoVzZzVVlaNV9IWGloUU5vXy13RGJOcFFKWUxXMlNmejR3MUozdWlPNEx3cHhnMGY4SjVJZ3pLMVFQTkVkdlg0d3dITmJESFhZMzdlbnBncG9kQVFreVlqZkh0Zw?hl=en-GB&gl=GB&ceid=GB%3Aen,
https://news.google.com/read/CBMitwFBVV95cUxOUm9ieFdEb0N1MDA1NDF4TzdCTWozRjQ5RkxmZ3JodkUzUHUxTFVRR3NzS1lHRmRGRUp4eVlIZ1JfYlN6UmYzVW9CdkNCSkl4cTNrUk9tSEtxZUxJWG9ONWRsZnNiM1FHWDJUaHRqRF9hME5oY25KM2JCeHBabnVMSWQ3T1QzLXdzRElXYm54QW9GMmZ1bUQ4cnBLV21NTVpzNzExM2xyZjlNTXVET3NSX3NqaTFWZWvSAbwBQVVfeXFMTWdERlVsMnhmMDV1MXBNYUVvS3ZfOThjSXFhTkc5cVQ0U2pBdUM0dFJPRzBYVHd4MXdDRHdDZmJMZTN2R1VGN0o0ay1JczJjbUdlZmU0Y0xwRHczZEpRRkpVeHBuUWVFbHZ3S2dNZVYxRENJVjBQWkJ4aHNGcnVRdWtQYUY5dkdUQlhHV1UweE1qX3U3bEFrY25SMXh2Mmpra2pYSk83OF8xNHRneXBEbjdxbFhIY1NaUWp3THU?hl=en-GB&gl=GB&ceid=GB%3Aen,
https://news.google.com/read/CBMizAFBVV95cUxNSkFzRHZ2X214aGZIdkxuWTVzVjRoNmNvd0ljN3lYZnhGenZNc2FvSEtZM0pBb0V6LTZ6REFaUUVZNmtXOTA5V3I0UUZWR29INnVhdElHNktCTnNqMmRQVGVSdXBDNE1YMDJhVlRLd2F4MzFHblg5OVh3bFBjOGgwSkIzTmw2cEp2ejczUVNYUU9PbGJnY3puUy1pUjIwMTNNa2tCdjRkV0dJM0FDVjV3RU9JYTJKVG53ejJ3VEx6SXBvTHJobmFPd2RNdzbSAdIBQVVfeXFMT2pJYTlFazVvMXFCYmo1RGNkdzl3ZE41UWJ4bUFWdHlEbnhhajc3UEVBUERSWGprR2x5OUpHTmFwMWRsalJjcmN3YU9kVFJtdGl5bndYWk45amZWSDRucG9ZWGVvQjFiOFRFYkFwWFFWR1h3bXducW5OZHR5RTJzX2pIeU1yVzhkOFVoRG1tdUFYX0lLVDhDWTk0ajRldlh3Rm9zdGtBNXliOER5QXJnMWI1U1F0RFlDbkVtUW4ycGRYcWNSUS1kc0lJSTBmQUx0UXBR?hl=en-GB&gl=GB&ceid=GB%3Aen,
https://news.google.com/read/CBMiuwFBVV95cUxOSk0zMEZLVFFMZ184cG1raHNocjhuTFh3YjdmNE1NbzY1ZFZOTTdlZmxQaHhKM1ZGb3RTckY0WFZZWWJaQ3EyeHpoNjFzbzA1dEVVUjY5ajlyOWo2a0VWWm9PUXZnbHJMWDViTlc5aldieTN2aUpjLXQ1bU9XZl9WNFpIWUZmUXB2LUtSRUxuOXRka3ZIb2twQmdDS3J6NVNJcEhTTWxHWGhVXzc5UTF6WGQ4akpVNkhrUXFB?hl=en-GB&gl=GB&ceid=GB%3Aen,
https://news.google.com/read/CBMi0AFBVV95cUxOVlJxSFphUVZabTZodXBma05Da29ab1l4M2NaRXdLWlY3YzRuV0E1aE03ZElnYnMwOXhMM1dmNm1oQmtjYWxjMTlrNXVqeFlWNG5MUEFfZzRzaU9GWXA0MlR5bGgtcVlyWTZDQjYzVFdidnE4MVFNMTRaS0FHel9TU0lIOW5lMXBaY3RfOWZoT2ZUa2NrYjk1QTlTYm5kZ3ducGtoU1FqLVktYkVHNDZOX0hCOVFubENQVmNOWnpTQXVoM0lHOThDVjM0OFpJT0dD?hl=en-GB&gl=GB&ceid=GB%3Aen,
https://news.google.com/read/CBMigwFBVV95cUxQZG1hSVZXUzJSR19aSWFRbGQ5NmFKMVJxTjVRY3FmUGhfb3lpdFdDaFdEVGVsbHQwYmZ3TlEtMEhQYmVfOWNvdFFBeU5OanFnZjUxZHlvVEN2RjNRUUZIbTZJWEcxQzhadWdsVExXbWtZXzUyVDVEalVKVUlvUHR5Z2d3UQ?hl=en-GB&gl=GB&ceid=GB%3Aen,
https://news.google.com/read/CBMitAFBVV95cUxQTnlWM2t2aWJRNFJEeHg1N1AweDVqU0ZESmJHa1lkT1JqNFh4SkJVVG51bHo2bWNqUHlMU2Npbml1RnktVEVmNDIyV2duNXNXQVdrLVU4U0pTUzMzS0pROFZQZWdGMlFzbmt1bmx5V2lWT1YzLUdQZmhvRi1xaV96elVSTnJqa0hoa0tuR3lXeDRxWTBpdWZfT1VpbDdMMDFmUkJOQUdRcUF1ZEdUVGdENnZyVXA?hl=en-GB&gl=GB&ceid=GB%3Aen,
https://news.google.com/read/CBMihAJBVV95cUxNOVJYWXN3NEphLWVUaU5FNDN3V2xFVnVDZHFtSUstbUxDUGdGT0QxdThFRzNkNlY3Wi1VeTFHZGJyeWRDalQyNHpNOGgxdjBFMUFEaHd2d1p2b1U1bXpVaW11d1JWWHlHRFd5b2ZNOXdQcHlabnVvN0F6TjlwdUhHaUpGR25GZ0ppZmtORUFZQU9hVk94b1ZsRU15V3JMUTRJX3dCNGxnZXVrSGJsWDRUdXM5S0lFN00xMWZBQWVjMUJCTzBvZjVZckpxNGQ5a3NaX2FfQjlVU1drd1NnbEVydmZ4VkZpZmZRaWk3b1JaTnVHaDVFTEJ2MUJSNlA2N0ItMGU4ZA?hl=en-GB&gl=GB&ceid=GB%3Aen,
https://news.google.com/read/CBMicEFVX3lxTE9RUFZxWE04eG1KMDBTaElmWk1BcWdDMnJ6MGRzMGl6R01jUnVIU2RUM1hwN1ZIRU9sTm0xZWpsQ2FtSXRzWlpnQW9HYXhtMXBRZ0hDSW9DUzdreTlOX0ZTV3kxZlAzR2N2S2hyRVNtTjg?hl=en-GB&gl=GB&ceid=GB%3Aen,
https://news.google.com/read/CBMimwFBVV95cUxQX0d4TGY0Y1hYeWVZWkNhTy1sYXVDdDlLUTVHTGxIcXB3cE1sR2o5akFkbzlWSzBfeUZXalNnckZab181THBRa3l0QXlqai1Vc0ZUZzRGVTFGSHNVZzlJRTJDdXVWQkhxM29VYUc0UUVCUm1qY3hWU3ZQWFdENHJuUWgyRi1ZdXFFR1pzTlg3NlpmbkVYY3JLM2JNaw?hl=en-GB&gl=GB&ceid=GB%3Aen,
https://news.google.com/read/CBMijAFBVV95cUxPbENzM0phUzVBZmRrblNaZnE5OWhWbG5WbWJuUGZGMy1lamIyR2NsQi0tdVp2eFdsd01Zb1puYkk1a0IzUVV4bXFNeUwwNVZRMjhScXZLV215VTFJOHVtM09nakUxSmVzVWRTYWh5d0ZrN05FSjBHelBmbFNlUDBHRzRHSmZScUpCV1k0RtIBkgFBVV95cUxQVmdRVUhVbEJCeDFLLUhfdzlfN3NTZm9Rem1QZU15WGdJcnJjTWZyWnRtU1BjendqdWJOWTFyTHM2N2J5ZlVrZGZPNGdWZm93NGVybnQ2ekh3Qm5lMUZ0SWlja0JMSGh3NE96UG0wTlZ1cXR2cXJhUlo4UHBPSVBPakFUNm1kcVEtcVJVT0lRN0l5Zw?hl=en-GB&gl=GB&ceid=GB%3Aen,
https://news.google.com/read/CBMioAFBVV95cUxOM3RFSnh4YmwxLXh3S3dSa0J5NWYzLWx5TFlZWVl2bHNkYXZjQWRIWnV2ckpkU09DQmYydFpUVjBYbFpKRGdsdDdLOHEzUkh3SVZwR1pKeWdXTTU4SDRTaFlwRTh5SkdOT1RJUWg4blowNDVuLTk1MEZHUTJIVEIzM002UmZCRmhBcW5QdkRrbGk2Z0hkcWtwdHc4WjREMUI4?hl=en-GB&gl=GB&ceid=GB%3Aen,
https://news.google.com/read/CBMinwFBVV95cUxOS2JqNnNRMEtBclRRa09ESGlnbmw1RVBiRC1ITWRoNVFhMzN0UDhIcTlwWFFQemdFajVzSDBUSllPajRFcm13TTBuZXZDWjJjV2tQVnJLRzdrbU1FV1RuYlNsb3B4VEFTRDZ5V2dPTElaTkRwN3dkUDRqN3dBR2k3WE53UUh4Qk5kck1JTDBSUWlLRGtkUHo1TVhrOXhfNkU?hl=en-GB&gl=GB&ceid=GB%3Aen,
https://news.google.com/read/CBMingFBVV95cUxQaUx0WGRpVnRsampjZmpwQUxiRkp3LTc4a0RlX3o2ampxc2w1dzlTblNxLWFXcGduNnRad2o2ei1vcjd4VWRReG9pRFJDYzY0WjlQVW9rWjhwclVuZnQyck1GVVV4UXlBYm5vb043WE1WUEJLenJReEROVUxMYXU5d2V0RkdEVGh0SmpWTnZ6VWdIcGs4NlVWQ3JJTXhIUdIBowFBVV95cUxPTXdjOHhabjJRdURrY0d5ZExQUXltbHgzeGNXbGRuRVJrZkQ3UzB4OFBoNUdya2V1bGZ4TE5TRGctZXBMMFp6V2NlRVlFcm1CM0lMY2Uxemh3UzhJdjUtQzdacWNBNFY3eVFLa00xOTRiQktYSG81QjNIYVBtck5UYkp4MHdXd0M1OGNIanpvY0E1TFpsOE9VMjh5YmxNX21adzFF?hl=en-GB&gl=GB&ceid=GB%3Aen,
https://news.google.com/read/CBMilwFBVV95cUxNRlVKQWQxVV9Lb184R3E1NkMxYzNzdkhVMkJaeFVVTURMN0JLTlB4ZHdKTE5iMVEwbFZBN0xwcW1zNjN3dWMzT1pNbVNGUjFnS2l5X0xCWks3Z2x3TnBFb2tKYlBpS3owaFFLNkNxODEycHIxWk5XTWJoWW81UDliaERDNmlXaDJnSlVaY1JRcDZKbFdzY21F?hl=en-GB&gl=GB&ceid=GB%3Aen,
https://news.google.com/read/CBMiigFBVV95cUxOZ0MzM2kzT2oyVGlqTUF1cGpfeFZGYjNsWW50eXNOd3lVY0x2SE5aeS1fN0pIV3FTWFU3ZzFDendKM2VYczNpMXVKeFRSRXUxMEYzanoxX29uMUFMRFp4VXRHU0VuZHM3c0lIX2JHQVFwNHk1Uk9UelF5TkZmQ0N6MlljZ3ZONlpETGc?hl=en-GB&gl=GB&ceid=GB%3Aen,
https://news.google.com/read/CBMiqAFBVV95cUxOcFJydUgwSlEwM1BJSDFZWlpSSnFYRE1CdHdxLVZCTE9zQ29XY1ZiQ3Z6VUZLbS05V3RNNlV0eEdWSi05dTZmMTJ4RUdtQWMzWVVET2FMTU9JcmRrTE9hZ2VjZWpKb2d1bjlhclFVaUZKbzdaZWUzTnlMOTJJNk9mNXpOV3Z3WG03d2NyUTlCLUZmWlJpN29VcmF0Rkg5Ny1KWTJrNmNCSG4?hl=en-GB&gl=GB&ceid=GB%3Aen,
https://news.google.com/read/CBMipAFBVV95cUxOcENZRUtsNVoxZXBZMDZQblZraFNETkR4MHMzbkdSWDhieFBIa09CS0hBMWQ1aFQ5UkJkR0VpTWpjNjNfb2s3VERWSEZEck5Va2hnLTZDcE83TmRYY0FaNzhsbmtERmVsWi1jUmNhZ3c4aDNNNl9PUmZ1MGVvNzRsMmdHYWQyRmd4MXQ2WXRyMXNBMDZmOGUzZWhGNXFWbEJFLVI2VQ?hl=en-GB&gl=GB&ceid=GB%3Aen,
https://news.google.com/read/CBMipwFBVV95cUxONTNWOHFzanhUVkJ4Z1N5eHk2b3lZeGRwdmJIZFByOUtqN0lQejJKMTBwdWhfdWFZc2JDT0M3TVJrOU1lRVVxazZRWThFSE5hbzJOZVE5X2hweG1fNHhmQkdZU21sRVlqZk5kbDBzZHFIU3V6WE9SUEZnd2VEM0d0cFhWSm80ZVFVMHgzRHJlOEVLaTFxYnI0eE1mVXBNWW54RkJwQ3lJTQ?hl=en-GB&gl=GB&ceid=GB%3Aen,
https://news.google.com/read/CBMiogFBVV95cUxOQjJhbERCUlJwNVJ6M1U5NmRESEdvc1g1cXd6Sy00SkxSOGxTbWFJTm15OVNLemx1V3dfSmdUUWhGUVN6YVk5MlFLN1R3NWdyZ0Jsa0xoTExrdWlDTlFPd1c1U1NFLWRseDd2YnFubTZxWkdiT3k3elZURm5tSXZoWDEtM2RxbmVlYy0tOU9uOV9TOFNTTWNrek5NMzNLWkpYMUE?hl=en-GB&gl=GB&ceid=GB%3Aen,
https://news.google.com/read/CBMipgFBVV95cUxQTktBQ0FsTHZiRlRBTFVwR3lmVVJXOG00TVlmR0ozM0x3QzZ2Um9wRWI0XzlOQklfSjFaT1VMTGRlUkMzNVlvT1pmNkkwLTE0cGR2Q21hTXhMRGEtZmE4azQ0aEl6WU40VV9pbFpzS2l2UG1xd2theDBDTExxaHBjNXFKSmFoOE1KazVRS21QOXdpUkpBWGJqQVU3bEY2UklqV1dDQlN3?hl=en-GB&gl=GB&ceid=GB%3Aen,
https://news.google.com/read/CBMimAFBVV95cUxNY3B4ZmowUVM1bE5NVTRrb3ZhU2dZMTh6cG9IalFhdTlqUXdGT0pNeFJwODZid1VkWHVJN2VoY1VmSjdOVENrUThtZmk5X2Y3TTRadGRYRnRjcVJ2SV9UbGozWUtVQThLTm5Kcjl6QVRZN2I1RTZ0OFk0ZHpoamY5NzhiUE8tdEpUbXlxTk5zLTM1SndkV3p4Tw?hl=en-GB&gl=GB&ceid=GB%3Aen,
https://news.google.com/read/CBMi3AFBVV95cUxNV18wYW9RajZybDFUSWhBWWV5MlktTERFOVROOWFEOVFVbUMtZkV0V3ZkQjg5Z2pFNTd1MER5ZW56cnA0MkRFTms2bjdPQnNQN0U1TFk0TU5Qbm1VSEUwSVVWNW9HYUNZSTF2VnlEMzNTaGZrZjBBa0R5bWZRWlBRa1pwdmVaU2MtazhWNldMMlY0RTVJVVBTcXN4RDJTT0pnZEp2aE4xMWRQODRSV0RraFdhSHFQa2lGQkpXeUtKQ0kteHpsamVtRlhjRXYyeFlITV9IbDFNRXd0UTRD0gHiAUFVX3lxTE5meFhNcy1GeTQ3V293LWdEWndVaTZuRzMwTmU2X2NRWjNBWUlGSWlQWkZ4b3NqTUVVb2Zma0RqNGhnWVVsbktBaWdQR1lSLW5ZLWE3akFUVmQ0VjdYQk9ENThtbWtYbUJsdURMR2xrbGxzRmptb1FTTFhkR3QxcXplU0UySGVER01kVmhYNWIycmFrRjY4ZGRZLWdCaGJSbHFEZ1EwTlpFMWplNUo2RUZuaFMzOWVqNlRoM1pYcDhhcjVMRWdTTm90ZUZlNnMxSTFFUWFOWFJNZ1ByRDdrNThEZ3c?hl=en-GB&gl=GB&ceid=GB%3Aen,
https://news.google.com/read/CBMiswFBVV95cUxPZ1N1bEVPazRwWHZSQjQwc0Z3UXFvbHRoTnM2RzhEWE1nM3NmUjJ2RzM4RXZXRUlPTlYyRVgtUXN5amI0S1NfOEltQi1vRkZvR1p0ZkZMT2FBWU9HNDc2SkJHTHBwV3NadUtmd04tbTdDS1pNSkw5SFd4MV9MT3Y5TEZfUjM5YkI3eG0tUURqZVFpWXVmbE9hMk1FUXFYeGVNdkFGYUJ5YjNvSzRVSVdSQTQzMA?hl=en-GB&gl=GB&ceid=GB%3Aen,
https://news.google.com/read/CBMi8AFBVV95cUxOQVhCTHplZHo3QlkxdXJqamJrLWxHSnZJNWI3MGprdVdlRS1BSi1yMGVrVkd0ZGZuRU5BZ1diUXJoTnRrUGpWY09xeDdyMHMzc0FyRU16WHJSYTdvYnU0TmptR2RqT3IycjhJRmp5djltUjRFVVpRaFA1NGJDU0M1OEtlLWNXdUZhLXEtMEpmVDhLQmYzN2xXYnJVclVRNVc4cEhveEpqNzRmWlZRcFJkbFktR21memp2U0RmX3l2VnY1MGlQNHkzR3dFTVk0dWljNkVucUxYVTZDR3VfUi1ESmxPNnFNNTdEMVlyNHgzLVjSAfYBQVVfeXFMT3ROSG0xeXFNSThRZzY5SWI5OGxZcl9OcUhJZWItc1N4VmlQRXNHREZMZmZYNUVZbkNhM3RnR1RtUm5zTUdwTkEyR3U4Zk9BNVdGUHhPNnNVVnR0d2JBcU5ndi1CSk45bmZWc2ltU2EzVXg5WmxFVHQySkkxNHA0S2hQWjF5QnNWMy1oSG5reXI0cGVQZWhFRlNpUGdKX3hoU3d0LUI1WDF0V1ZzVDFrQ0QwS0N2cS1GaDRjWXRVVlluZjNwaGQtZFY2bzN6eDN3ZmhYbUZ6Q0ZKMmNUdGNCQXhicHl5VDVVc1Q4R3dHZHJlaW1LaXZn?hl=en-GB&gl=GB&ceid=GB%3Aen,
https://news.google.com/read/CBMiqAFBVV95cUxQZmdxZGRBQ3R3c2tJcHNqaE4xbWR1T2tzc0dic0JNTnlQMEVJWm1maG9KVUdHVVBha1ZfWlAtZV9wZ05naGdPaTI5Qm1Relg5bzNqWTVzZVhSOHVmazZNeHVFTUhueWlSWXBaZEFSNk9memFhdUQ4Y0lmS28wazZrbVduUEVjbjROejlXbUhIWUNOVElkVml4S0l0YVRadzAyWVBLYTFEekM?hl=en-GB&gl=GB&ceid=GB%3Aen,
https://news.google.com/read/CBMiqgFBVV95cUxPTVRsSDhjaFB1NC1zSHp3OU1Wc0JhRVZVbHMxSXBwTlVVelFlc2pJRjczRzdINTQtOTVaUlN5ZWhHMWV3RWNMZW9WSmJqc1hWSzZCeUZ1QlBiMWZvQnRmbEhDT2NqT2JCZS1zWXNxUWp3cVJlOWFlTlY0X1U0RVU3blJSZUJRTXhFYW54N0Z5elFWNndQWlQ4SkVQempDdnBLVS1rZW1feFBnQdIBrwFBVV95cUxPUWlIY0VnMHBvUlpMSTBmcFRMU2VEV2lOMUFBRm5Bcm90YkFlUjNiLXdUMzVqeHQzY2FBTEJVQzhxaF9TWHVrdUNBTzEzTTJKT2xNX1RtODFMb19VZGZPQmsxNWZVa21PY3ZKa1hMY0pyQUV6Q1NZSGRfd0NfMXU1WElfeVhUdnNqSTRXeWFVaXhWNU5vVEd1WmczN29PNzhIZTlDQjIyaUVTc2xQd2lz?hl=en-GB&gl=GB&ceid=GB%3Aen,
https://news.google.com/read/CBMivwFBVV95cUxPcEpVMkdJN2MxVWtNVkRKNG1IT3ZsRndscmhQZTlmMldjOHdlSDhKbTV3NXI5bnF1UkEwdGZoTnRlc1FFMlpHTW85cE95aVNXQVhObFdrazNHbUs0Q3RWT040TW5TSHczX1RIVnRtakxfSEExdnZETlU4TUVScFYzYlZMUWV1WVRsaWhNWGh6ZE56U2VMRl9tSDUtNTd1N3lGbFVVTUFNWlNreWtmenh3aEg1X1FBTU5DQm54djMwTdIBxAFBVV95cUxPN1k3MF9FbG5DYjNyWjhhcDR2SmdSU3FEVjFla2gwZFluSkluUTgxR1k3QVluLXFNdmxXdi12VmVJQ2RqVmswY2hMc1JPVURrZ0JvNmd6Nm1RNWxOWnZZNmNRMTdDVkhWU1VvMGpMZVQ4WDRpZGwtN2pSY0VzUS1vU08xOWY1OV9VN3VkNjZnTl9jUEhtNVhMR1dzVHdKdm82dXhPNTNaQmdlTzl1alkxckhTejk5eXRzR2I2SlUxUTR6TkZ5?hl=en-GB&gl=GB&ceid=GB%3Aen,
https://news.google.com/read/CBMiowFBVV95cUxPX2VmYXByc0N5U3c0Y3owRTdadUszR0JYM0dOWEZMdHBFSm1fazEzT2ZuRzNkc3NhdDNhS2RycFYtNGdaREpuUXNTLUxKYXd0QURWN01oZlpPeFJxdERWNDdFaXlBMXBwYkxnS1VsbTQ3QkZ0cThGd2N3U3dGM1RFbXpQVFBGVmN4Y28zd2ZhTk81V1NuNWpzbU10dktjSmtKUU9r?hl=en-GB&gl=GB&ceid=GB%3Aen,
https://news.google.com/read/CBMiiAFBVV95cUxNb3BieGZyaFp4c1VaaWZmTGJOUXFmMHZNckpJQ2RzejhiY01IOUFaZ2RqZTdBWlVHcndmRm1NRW1CTm9relR6WkFSMzhOdnZmZDF5VGJ2QjNvb0EzRjd4V3NtWjJxOGp6YjN4Nmg4MG9BY3VuWnp2MnBoczQ2MjVCbkdpMm5jMHBm?hl=en-GB&gl=GB&ceid=GB%3Aen,
https://news.google.com/read/CBMitAFBVV95cUxPWjdfenFSVkVEZTdmTjBrVzZnbkRaTVpnbm5hYThjZzNycURGZnFjY0JEQjdlTnhyR2p6Z2p0M3dIUl84djd6aWNkZjRyOUk3cFJvQ0FGQU5HRWMyLVhvandrSXVLZi02TVJMUThSZTg5VHBMTENnYXJBM1RvTU1rOUlpZTc2NW9lczgtSUxWeWdpMXFIcnhDU1pFZ2ZwV3EtSlZkNnRsel9fY3gxZ2pveFBIUTc?hl=en-GB&gl=GB&ceid=GB%3Aen,
https://news.google.com/read/CBMinwFBVV95cUxOQVhGYkVYajhBXzh5aEhLWjBWZHlWaHZiZWU2WTZNU0JXRmI4Njd0Zk10ZTY5aVp4LVlfcTBFcExObzA4U3hlMGp4VkwyazhieFJNYkdBeGtCVlozbmszNVdLWGUwem12MTM0Q1hGb3d1LUo0dFREUGd0RllYR2lpaks0ems3OGUyZjZROXMtakVZaW45cUlPU05PT0pWTWM?hl=en-GB&gl=GB&ceid=GB%3Aen,
https://news.google.com/read/CBMiqAFBVV95cUxQSmhhNHhFWXJvTXdfYmpIazV4QXk0SVpNek04bEgwWXVFS0I3bXdhcUJzaWl0djFXRUFKWGM5VnZLOExRazlxNks4MGtlbGlUdHVOcmd6dnV0c1h6b04zZkdtcllpQTh4bU5vXzZsMjdmSG9ibWtmZ1l0cElMOWl4d3ppQkRYV2JoN2djZmRUZVFOMkxzZzRtYm55eWl5WVZ4d0VuTGl6UXA?hl=en-GB&gl=GB&ceid=GB%3Aen,
https://news.google.com/read/CBMigAFBVV95cUxNTWdWaDFkSnZlX3dLaE05a2ZQTU5RNDBYNTZNQkxJekcza1RnSXZSUE1jM0xKTzVDYzZFYUNxX1F0Z0dWRDllR3BKSkN6SG9yOXR1dFgycVU4ZmxBOTVOaGp4cDlvbGc5ZkFkTk9hbTlEdzZyRDYtZWh5SU5ud0Vubg?hl=en-GB&gl=GB&ceid=GB%3Aen,
https://news.google.com/read/CBMinAFBVV95cUxOVGpoY1JYUTJwZ2VjVVhjZGlBVGhjaElYckNPQW5LM0VIUmkwUDFEVTRlN0tVa25lOUgtU3hXWUZlRzZYVTNmQmVxejFudzFSZnFzM3UzME5mTTFzSlY0bEdEVXAwMFlYdDB0VFkyQmpkcmRWb2FQWWJ3MnV1bEsyMjhxUmNPMXdQTXExZldSREFqMTRlWlllcHNUalo?hl=en-GB&gl=GB&ceid=GB%3Aen,
https://news.google.com/read/CBMiogFBVV95cUxNUUsxQjQyZDQ4bHplcGlMdEQwMzhVeTR6TmFjQnl3Sy1kVTJ5bFFFZDRxMGVTZFBvY2NRT2g2b01GYXVfMEEtakM2RHlCU1BQdkVGLTNuakhGZk12UFBMRjEyRWRURFlUeGtnS3A2bmNKbEhaSmNOa2FUZWdZYzVldlRvc2JTTDRuOE94eE4xZXJmckpITWc1aHNqYnhXbktUYWc?hl=en-GB&gl=GB&ceid=GB%3Aen,
https://news.google.com/read/CBMisgFBVV95cUxNZG5GSElBa0ZET21HcWZyODgzaG9qMVg3c0E5RUdvMlJYUlZ1cWRYWWo0d2txalIwSjdISmw4SGJ6T196WndxMlNNS1I2UWtYSVVWaVFPZU1BQ190RjdMNjZ2ZVlnYTdDX2QyLWYxaU5TOWZCQm5GSFBFNHNoMFN0RWJLbWU3dkRzWEh3ZTRxajJFR1NCWE5rWWg4OVZ1T3pvajJnakxTc2dOX2IxZkxQU3RR?hl=en-GB&gl=GB&ceid=GB%3Aen,
https://news.google.com/read/CBMirwFBVV95cUxOSXk5a20tT3d1Rk9JZW9zOWhaUWJ2RE5xSWl3LXZjdG03SnEySHNaVWJNQU5ad09nN3dkNE03bzZzRDk0RFhVUTVzOGxvRXBZX2RSUnU0dGtPRlROSkJUZ25pX2Y0aDE5SDZRdHVGM2pzRERnR1ZKaDN5THBjb0N6b0xFTl9UcGJWdFJ6T1ZHOXpmeWl1VzNDUFRicmhQTVlmVGNlcEJyYzk5aDVxcnhN?hl=en-GB&gl=GB&ceid=GB%3Aen,
https://news.google.com/read/CBMiqwFBVV95cUxPNDF2Z2d3R29BTmlSVTgzQ0xqV3F5d2g0ZjZNVGo2Z01MSDJGOHRYT2s0RjBjYkluLVF1SGdqUV9QS3Q1NmdWZWQ2d1VuVXczR2VDOWR4ZHFnejVucFpXOGR1OEtwYVotVkxzVHR5bGdqZEVmaXUxeWsybkZCUExyWWZOamN3ZGw0SF94VDRZOHlienI1MExhWTJqWGlXLXFidTkwelpKdUhqUU0?hl=en-GB&gl=GB&ceid=GB%3Aen,
https://news.google.com/read/CBMipgFBVV95cUxNWTdGMkJsQUxvOTRmNGQzYklKajllSHBHQWJVa2NYcXI1Q0ljYUxzWFVVdmZyclZNNWVlNVdHQ0YwUUFucjEzaWlrQmNXT0laa0w3LXh2SjNoakwzMW80aDB2VVdkSFlDWlpBNFNLWnhobDFwTmhTbUgwQU0zNFlZT29EbUtFeW4tZlhNTU1EaFcwWWFNMzhnd0ZnV3BLSVIxS3IwUU9n?hl=en-GB&gl=GB&ceid=GB%3Aen,
https://news.google.com/read/CBMipgFBVV95cUxOMElwbXBaWWpYWERTbEFYS3JlN3drSnF3ZElrcGZVZENUU2o0M3pUZ3ktcWdHRTRpWVpWMk1jODJQNWJabnJFY0hGZzI5S2sxTmR3ejNzaS1NbGM1Um9PaUttMzVhRHF5dk5EUU54OU1XTWxkV2hyamwybTFyY3B5VXlOdFY0a2w0RVRjZEExZUp2dmh3UURFbmdsQ1lqRXFNXzhKNDlB?hl=en-GB&gl=GB&ceid=GB%3Aen,
https://news.google.com/read/CBMiwAFBVV95cUxOeTNUOW9NZ0hMZUJRSDRwTV9ZNGxBZ3E5MkRDeFB5TzkwTXM0Qi1kZ3VPNkRGb2lBNWhjOHVTVUE1Uzd1d0g2MGNkblBKa09RUXVja196dE5KRkJyNGoxUUFjdF9OeWhMT0lXcVV2RlZDcWV5ajRaWGRCY0lsNlRDbXpxUXVveEpUN0tBTVFEM2piNmEyZWFYaGlqRmRCR2t6OHljZWk5NVJtcHlkZFJKM2hsQ2Z4VUxObGJidGM3R2E?hl=en-GB&gl=GB&ceid=GB%3Aen,
https://news.google.com/read/CBMitAFBVV95cUxOdnhRdVBXeEJ6SXVtWTNydEdOWWxmMzZDQl8yeHFScUFyRXEtVnp5NEJMUGxXSXBqT3NyQ3JtZWtDdzVYTC1pUW5UY2U4TmNmdjVaNmxSMS1tWF9vUHg0Y3gwSVhyZEs3a0Z0VWNScExTSzlWOHR2ODZVWDZyQU1IYkVuSnlNUFRmNjF5QUttcy14UGE5VkhlYWJUdmZsU3k5ZGVMbmRXNm5BZGNPV3VmejZlYjQ?hl=en-GB&gl=GB&ceid=GB%3Aen,
https://news.google.com/read/CBMipgFBVV95cUxNZnN6OURoRlFBZW1hcFdMLVd1MDJpN2c3b0poODJPTS1hSWUtcUZlbjFEaHkxWXRKbV9zOW1WVzRsTndTZjQ3WHVSTlV0bzlfbl9ZbUROdmVkR1JUVFc5aDFFWENFTmVHOXNEMkNHYmJGTXN2SDQ2Qkt3VXlIdjRwV2NQUzRYcFp5YWZLQ3JrZTRsS3daVTlZTGxycDYweElqcngwZzV3?hl=en-GB&gl=GB&ceid=GB%3Aen,
https://news.google.com/read/CBMirwFBVV95cUxQdFpMZzFkRG12S1pHVUVrUHljRURzYkdVbElucVh2TVhmb00ydVl4YWpici1WZlVlbVlwczUxc3JVSkF4c1ZGOEQ0el9RWVpSdEZ6dko4RkZ4Zk1nYjlMX2F0cklqd290Rmo1c29nZlNuZ09qejVCajdYU2lqTEtxRnRkdF9XendTZWVtdGJ6Yy0xZXhSZ0FZTEthd3YzSklLaFRUY0llMUJSZGZlcDFZ0gG0AUFVX3lxTE5vaWQ3WVh1MTRNR3VubTl1RlZITUxqd2ZWUzcxbGFxb2k5cjc1ZlYydWNxNmpIU05LLTRhTFlBM1pETnh3a05CRENQUkl4bzNJakRFSkZSenpUY0s4N0F5dnJRRjhIcXJweC0wT1EtNHNKNlRyUEFxcXpXalJEdUY3ZGpzOHVOclgxdWNobHBCMGgzQzEtelRxU3BsZUJqRU53X0hBWEZXeUxZQ29BcE5fb2lhbw?hl=en-GB&gl=GB&ceid=GB%3Aen,
https://news.google.com/read/CBMingFBVV95cUxNN3NaSEJXak9nTXVzbkZSZ2N3dkFRcWhIdmozRllXV0tEN3VVdGZEeDdNR1JyY0VxQURwT09ybk9sOEdTYzV2ZmpsNm41NUREXzZ6R3VzZDVMV3dZODJ1LVBmd09MRE1oSThFZWlOY2JTNkVKTG5DWm1wRmUzRVowaldSQ1JRVlhMWndzQS10WEJTeWlub2oxQlhWM2dfZw?hl=en-GB&gl=GB&ceid=GB%3Aen,
https://news.google.com/read/CBMicEFVX3lxTE1fR09GOHdSSHhSOGREcmlfaGMzT3lqSUNUa2NFTk1GdHFYWE8tZkltSGdMTEpOenViRFV1Tl9ScmhxaWJJeEc4R05saGlJZUNzZ2dJQkpRNWszT0xCd1RqRGhCRnBPZWpvQlBwUWtIWm8?hl=en-GB&gl=GB&ceid=GB%3Aen,
https://news.google.com/read/CBMikgFBVV95cUxNNXYyU1V6MlhFaEFtQXFCajNvamE1b0E3V2RLLWZGZ2FFRXR3ajFRQTNjSTVlcjI5WGFCLVdlQUllNy1uQ1BUSlNpc1pNeDBMX0FHX1pNWVl2QlZxOFBsMXF4aFA3d0xMVnVfRnlESkh1NUVHZjMycG9lTmtvXzlJeDdxcHRmRFRLVGVUajB2Nlhldw?hl=en-GB&gl=GB&ceid=GB%3Aen,
https://news.google.com/read/CBMi0wFBVV95cUxPNWhFaTlyckIxcHBNQ3dySk5YVjFSLUVveGJ1SjFKanNoNVdVakFoU3lRYkprYlJ3aG5DTzZGOVVoZ2xCNDFEQkFXamkwWGhOT1VrOE01blNYWnZSdmNnTE1DZWF0OExiUUZEekFrd1A2YzlvQWZoYU1sU1pRT3hzMU9tX29kcnlsVzRQcHFxcFRKVG14aTZxQm9ESUpZYnNiM29LaTU3UE94Wnd3a0JSZkFwbjFYTjhKcmNrUjRMRUdPcHJFMnNvX2lvTlRXaGNWZkow0gHYAUFVX3lxTE5RNXJfU0RKZDNuQjRJeG5ta0R5akpib0s5czR2bjQ5Mk1uV05iNlFUQ1c2ckVWLTl6cF8yTkhKNXRiMGRicXhWbHpkbEp4TVdHajkySUlmVGo5WW1FZER6YkUzTXZfMGlIWHVvZEloQVRnNDJaendhdTRjMzgzTlR3c0lUTXNLZ3pFNm9YRG0xcE9KOFhwNWNQU1BBdFFONWNOMmlvV1p0RGwyNG4zTmM1MV9ycmZXakdWOEpvYzMzcE12VGN2M3VHcVdpMWNacjhlN2hSOHUtbw?hl=en-GB&gl=GB&ceid=GB%3Aen,
https://news.google.com/read/CBMirAFBVV95cUxNcXJVMzhUVjE4MXhiNm54S0N4akJGdGloTXhXZ2dvQllzcFp1MDE5SS0zWEJZLUJCREhpZlRTXzhtR1NOSGhyanhhSHc5cDZ2NG9aSkJEYVV6VU11Rl91OHllWUk4eFpTU2VncVZWN3NJdmUwTVBtcHVheUdpWFlpbmVEOWRRQ0pTUUVvWnEyX3U3dVV2eGp4VGEwNENudE9PYnZreUhXZUhOV0d1?hl=en-GB&gl=GB&ceid=GB%3Aen,
https://news.google.com/read/CBMiWkFVX3lxTE1IVHVoY2RSZ1E3S1M4aVFGMkZZQldpWkNfOC1LNno1RFBpSlhYX0ZWQk9lcURaa2FiU2ZaS1NtczBKVGZZYy1uUEhKLWlJVERSQWF5czhDb25kZ9IBX0FVX3lxTE43d05ZcXBORmhQdDVuN0tkWmRlckJta2o5Sjgzd3pwZ1lKNy1pZDhBZDBRbExyWlBPZFlmVlkyb1R1eGFBR25iQVdEY2xRMDJCVFFCRlZTUjBrVUw1Y2Rj?hl=en-GB&gl=GB&ceid=GB%3Aen,
https://news.google.com/read/CBMiiwFBVV95cUxNUmxvOTBabWRJVUNDWVEtakhENHVUSmVoelBSeWFlQWtyMGJfWmQtR3dHa091Nk1QNUx3enVKUkxkdG41RjE5UWFSRVgySWk4OXhfMjhLOWx6MkFQVUU5QlpNZjFoaFJDckx1SWUyNXBaRjY3Vlk0MGE0SnhoN1U2MkRPeHpQWi05OTB3?hl=en-GB&gl=GB&ceid=GB%3Aen,
https://news.google.com/read/CBMiywFBVV95cUxQc2hpVktyRzdIZExCb0lfZUV4U1lZNTU1VExQSWtwdXpqdDVIeUpHNDgyME5ZQ3hacGRpSGtYbjdWZmVOb3l2TEtTR0tyaFRsSmQ3aW9mTkRWSmNWaEJoTnY4czkwZFBveHVvZWdSTWFLcnBtYVNmRU1TMU5FbzdWR19xYzlETW53Ym4wR29QaGN6dmRBSnF5bTRiODFYcWVaejNXdnVscHVRM1UyTHlYT1ZDbnUzUWp0N1pYc0VaaDJINzR5T0MyVkR3OA?hl=en-GB&gl=GB&ceid=GB%3Aen,
https://news.google.com/read/CBMimwFBVV95cUxQTUY3UmRtelJFdWVMaVRncVNxVk90R0NMeF9rZDNfWDJnVjJ2ajJCVG1kODBOMTJVOENId1lQek5HTlY0RS05bXpvS0pUMFBhdnc0TDF3VGU3Wk04aEFjVnJDNVFKVmhBNno2SmxiUGVVR0JPSHUzaHdZS1lDLUdKWmdxTU92WV8xYW80QzBFUlJYT1pUa1kxbzVEaw?hl=en-GB&gl=GB&ceid=GB%3Aen,
https://news.google.com/read/CBMi8gFBVV95cUxPQjEzM2hSbG1wa2Q4NTMydW1tZXFvMEQ2Z2x5M1R4NnZjU1lxeUNoczZCcDVINHpNUjN3eXRGM1RqUGV2OWpWcVpXLURKa25udEM0eUFmeHc0eURwMmVjVzVtS1dHVnU0cVhjTGVXT3FkZkx1WFE4OGRCbXBid2N5WGNJQXlLT1NJdzdDWWVVd1JESlZJZ2tnRGhWYldDZHEwX3FLN0RQeTRBY2Q1LTI2MlNGUk1QbnNoblA2ZFdjT1ZzU2k3YjZIeEE2aXZQSkN1ZHdQb3RJaldOSzJ5RW5hbjh2UHNkSmZYQzM0aU9obVJTZw?hl=en-GB&gl=GB&ceid=GB%3Aen,
https://news.google.com/read/CBMirwFBVV95cUxOOUs1czRUaTJXOUF3QlVtRDd1clQxTU5VTm8zaXhEMXpROTJRalR4VU5TSFRQaW1ObUJXUFZpckkyYXFQSmJhc1UyY1hNMGFhb29HRV8yRjc3VWZ1aWw2RG5XV0JHY1pIMF9aOWRVUC0tNW5qZEdMMTh0YXkzdE5QMXFBb1hfZHV0SGVFOXBqSVdpalhxYU1DQ1pOdFNZeUxNWjRlbGt5VmthNHNLRVRF?hl=en-GB&gl=GB&ceid=GB%3Aen,
https://news.google.com/read/CBMi1wFBVV95cUxNaGxJUWpxa21vX2tZWExvUTQ5NmNMdkZ1M0RVSlo4bDRyYUZicUVHaVR6ZklWWUVBRnhwV0t2QXdZZk9NZ3hjR1lRbndsRk9UTWNkbU9VQWlzS3JoZElxaFhPNDZZejYwZUZNMXUzQkNIN3J3OXlXbW54OUtkMF9wdEJSVlJiWE83bnhobmNsUUJQRlVhU3lFVGVDT2oxeDNQSDllb1l5NldqMzBXeWR6ZDdCLVRVU1VUYVZaLTJISXpnZFc3aFh6aEc2SExkQURGVVI2UkhKbw?hl=en-GB&gl=GB&ceid=GB%3Aen,
https://news.google.com/read/CBMi1AFBVV95cUxPaEQ0azUxWmxZM1hBQUZBZU5MN3VOMldQSnpMbU9UWGNrVmNYRU9Wb3p3UFZVZmozVG1aU2lEQmpGTWZ3cjkweWNnS1R6VXVuN2x3UURTZk9iOXhXUHNXTE52eTlvSDRqSzRydkxQU2hqeUZPRDlHZjFzTXMyYWY0dEV0bFVXTlk5TlVVY2FsVlpBWFZaVXJ4QTd0Z2RITmZEZk9rdlgtN1J1Z2hia3JmeTV2bHdWZWMwS0ZYdW1ZeTRUOUhwbllfT3FCSFVGUUlSVzdxWtIB2gFBVV95cUxOc1JUMUV1RVZuWllPM3lmbnI0dG5oNFhuenRVTFE0MzJ4YXVHYm5iNjl5NlpDcUdmNk5PYWF1emxDLUZlczYwTmRPNS1mYy1QTk9kU01VZEhmU090YmZtNU5DWkZKTlZLcmFRZDh5MS10LXp4OVYtaXB4SGlNZnplUmpjd0d4VmFPXzR5TURtcktKX1pNWkhQb3ppVHRoZ1U3TzVsNmtNdkpfU1QtNWhyT3pYdGtyTEhrUThDS05OU2YybVVGSWlmM1hJUGJNWktOZkFEZ3RuVmdaZw?hl=en-GB&gl=GB&ceid=GB%3Aen,
https://news.google.com/read/CBMi2wFBVV95cUxPZUR2UXBJUWdlUGcxWnJJOFdrU2ZHYkEwWVlxbGdMQzIyNzBOVFB4VTU4YUNhYWxTa0wzQXBZQ0lzRFZZTmNWODVvdDZFdkpPcThWQXp5Z2lqRGlkeC1lVXlXdkx3RHBENXVfVm9LSVdpazZ0dkR1WVFWZ0d0aVRJRm11S3BsbVluT3BQSU9CQmdLTGJBZGRvaDdSY3VQYWVzLVQ0dTVVc3ZWRGt4azJ3N3JoNFJXTUlLaGxaNldkMTBhdFhNMldRU0QyS1NYUm1LNVRVTGpGM2tNUVE?hl=en-GB&gl=GB&ceid=GB%3Aen,
https://news.google.com/read/CBMiuAFBVV95cUxOckozV3hPZVNNWWtRS3F3U2k2TjdnMkJ5WG9UOThOTE5OcWV4NjE0WXRROXIteHBLU210Sm1vQXU3cUl5SEFhUkh2MkNpUExSazV5ZnEyM1VGMXY2SzlfcGw0QlBQX09wd1BONDEybE1FazluWHNRRzJQdGdpWEZpQWJjNTVJQWNYRG45RVpEWWVtTFh0VWwxbktQbEtvdWFQMm1nUDBzNTBrVmdEdkQ1SGFwa3NoTFNZ0gG-AUFVX3lxTE1WdFcwLU9VdGlTRzY0WDlwb191UGQzT3lwaGNfTFQ4LWJWbndSbzNqcmp2R1JYN3FwTlNZZm9hR2RNWk1MVERNcTJRUEVtYXEtVTRvRXN0VTRjcFNsQTR6MmhLb2l0eGc2R0NZN1FPSHJJczBnOWtRYXNuak0wRXJlWE9FVVA0SGczVTQzTDl6WHRyR3Q5djJiS1RCV3ZxMnNNVEp1Y292cV9TSDlCMG9hVTlCMkNWWDNIUGdLZEE?hl=en-GB&gl=GB&ceid=GB%3Aen,
https://news.google.com/read/CBMisAFBVV95cUxPVVFwVlI1eHk0Y1pKb1phV2x3SzVyaHFmNjhYd0lHTUFRNG5PUGU3dHNmRUFHZXVKQXYwUkpaU2t3cC1KQmZCMkRaZDZHNVQ5X2JxdHhOZ2pNLWJvVWcyRWZDazBYTlF5RTdSX3E1ZDFFY3VSYW9uUG85eEk1RGUxdGR0cXM1M2s4MlcwX0FwN1lzeEZLNXdoSXk2bk54OGVSaFZzSFBCSURaay03N3AxNw?hl=en-GB&gl=GB&ceid=GB%3Aen,
https://news.google.com/read/CBMirAFBVV95cUxNTG1ERm9IZGdMOXh2a0dYT1NZcEsxRGN6LUR3QU9pZHV3aVcxNENPWVdOUVNKS2gycXotNHZBWjBzSXotZ3FLU280ZnFlVEpCanlTcDI4LWlNdmlkVWFadjFaNjNSbjh3cDNQWEtmenU4c2pDTmNzbl93ZUJJOFhQQUQxR0ktTHZFaWRUbTlWeUtUbTZTM2dFLWc1a2VBTW1ycFRYRzVQanl2czhm?hl=en-GB&gl=GB&ceid=GB%3Aen,
https://news.google.com/read/CBMiiAFBVV95cUxPMDJkM2dtYmtraEhfRENrdUxXYmRlcEJ5TG9ZSkxJNTVaN2hNQkVaeWZacVFrU1B3anJTWm1TOGREZXMyQTF1dmJCX0F3TnNhOFBscVhYV3pnTFI5SDJuLWN1Ym0tS0xhdnRUTWpBbzVJcFFyQ3ZLNEQ0cW1aMktsaHhJM1c3MzFu?hl=en-GB&gl=GB&ceid=GB%3Aen,
https://news.google.com/read/CBMisgFBVV95cUxQd3ZRWUFMd0FFOVdxcXFDSXUyUkxzenZpRVFSV3FGQnFPWmp5QXM4VVQxdU9RZ0JidFBKZkxod2pVdC13a21sNm8teWUwZDNFckpzemxfcVREUTlnMDBNMllGWlBaYWFPdDdtZjk0ZHNQWVFySFIxMUhRNUNPTE9oZDhlc2NZVzZMT01mc1lfTjhfbmQ5M3lXY09nbHpqaFBUNUZpbEFENzBpOUJqUlJjbHhn?hl=en-GB&gl=GB&ceid=GB%3Aen,
https://news.google.com/read/CBMipAFBVV95cUxPVHk5cDVld2hwVmhsakpTN251c0FGbnVHZWxWeHJFOHpVZEJiS1FUYnJMVVQ0azdBdTVtdm5vVjJYWmdYZnNoTWlJRXYtWWthUGtWdkR3aXdxZmhhOUtTNFlwMWptOGNTcjllTDVSVzJERXdGZWcwNVdjQUVocHpuV3p0Q0QxMEZaVVRRY19fUmRBcjN1NkJEZ2VBYm4wNEk1dnR1dQ?hl=en-GB&gl=GB&ceid=GB%3Aen,
https://news.google.com/read/CBMimgFBVV95cUxNNkVLQU9wWXZBM2ZwbWh5bWpIU0FTdHI1OUVsOHhqd1pYeXBRdnQxcVc0SUJLQkJxUHdPYlZCdUlyZEN6LVVtZ0NRTno4TGowTlpIYnc4TElxeUgyWDZ2RHJZZnBRR0hfbFBFYnpUX1E0T21zazFUakJmdkJFUF9UNlk4YTl2bmFieWtkbmZBYjUwVXlOdHlFOUtB?hl=en-GB&gl=GB&ceid=GB%3Aen,
https://news.google.com/read/CBMiugFBVV95cUxNRTM5WW05Yl9wR0R0dFZ6blJVZHVQQWVkQ2MxWkZCVmxBWlRSX3E3LXFNbFRiSEZlSzFRTzlMTjR0LWJrWWNWc3FzMl9DRHFwVDZHNjRZNUFfVHk3YjRlNFJGVmlXTGh1RkJjRV9nVlhfRFJaalNpQ1FuRGh2cGtVNDd5aW84bWxHbkJncFkzX1lsOUFwdzNFZXl0dGhLZHZXOExmbFEtdnpHTS1qeElmNkxXTnltOUFLQWc?hl=en-GB&gl=GB&ceid=GB%3Aen,
https://news.google.com/read/CBMipAFBVV95cUxPYXZZeEhGOGMyNmVmTkFzOHVhaXgtbTJWMGU0VXpVaEhZV3ZuVXNJZjh5ZHg2OUU5VkxVS1lrQ1RGWlFjbEhBQ2w0YTBFY1Y0REVZUjJ0Z1ZkdDZCQlV2Sm41WmFDN2FDM1p4UW1kbWtEMzA3bFdMYlZtbmpLRDhuZDdtV2JUc1E1dG9WTjdpU1ZJZ3dXVDFtejVLNF94VklfdUg3Mw?hl=en-GB&gl=GB&ceid=GB%3Aen,
https://news.google.com/read/CBMi1gFBVV95cUxNN1IteUg1dk1HQ0NsaXI4WHVFbXREc3NkV2s5T0JjNzdfMXdnOE1IcFRyRzNhYzhOaFhtb1pIQUluWHY0Qmc1RXNIcW1tSF9aZ1lLYkNEYVJiT2F3ZHVBZ2NLMzVhSU5DcTU5X1FNRjZTcFZVYTI3MzFDOTRZTkR1eTFzeDR0b2FzbDBkQkxwclJZZXNfOXdDWWlxS09iUjEtdFRzMjJtejNqLXloRno5eFhWVVN3T1hnQzl2cjAwWlQycUdsUGNlUUJqUDM5QVppR1FfOXRn?hl=en-GB&gl=GB&ceid=GB%3Aen,
https://news.google.com/read/CBMizwFBVV95cUxNNHlaOHAwbEZmeHdqSHVtdTdBTXZnVndPWUFpWS00RWo4MmhMTzdlanJnVktibW1mcmttajZoc0RYOTlZUEU5WVNmbnVxRTlsQnVPRWlMaDVSQktMOHlSQ1UySHBONDBOTWtEM29DSkk1OHB2dmFsc3Fmb0hkWDlPTHhmUXBtUm1qS2xta2RqWUJQd2d6a3l3SGxLMzN6WlBoNUFUUmQxaU1rcnpvRmRPVXdfZ0hsU19DSkcyTmhPVUVSUDZrVXVTRTZYT3RRUlU?hl=en-GB&gl=GB&ceid=GB%3Aen,
https://news.google.com/read/CBMingFBVV95cUxOU0VGR1c5dEh1Vko1QmVtLUdHd2plRG5nUWY4VndiRHNmTzNZd2ZybWs5bk02SC1ZQlA4QkJMWEdVc0p2VEpZc2YxMTFpaHlZcERiU1VoYTQ3eTRfN0pGd0l2Rk1QNVEtQ1I2V1lkaWZ2N1o5WG15LW94cFNVUkpIYVU0cmMzd1lvN0NjZ3FJUVptLUREWlBiaTlPZ0hnQdIBowFBVV95cUxQYVFuTjZmclJ3RDB6QmxaMDM1SzhFNEJPVVRsV2ZmWDZfeXRPUHZTanJPYlNkcFdOZDRRSmFrMVlkb3p3V2Ffb2xVRXpkZ2k1R1RkbTY0X1QxS3F3eWxSNmRzbW1nMFhJdmhjWXhRckZsTmFfZWJvVldFc0pKUlh4UDRpQUhhQUdEd0JIX2hjSThUNS1uemtnM1phaUh1TzBUeF9R?hl=en-GB&gl=GB&ceid=GB%3Aen,
